Customer_ID,Customer_Name,Gender,Age,City,State,Signup_Date
1,Kavita Joshi,Female,33,Pune,MH,2022-09-14
2,Rohit Goyal,Male,54,Mumbai,MH,2023-09-06
3,Komal Das,Female,31,Delhi,DL,2023-08-19
4,Sachin Iyer,Male,50,Mumbai,MH,2022-09-28
5,Anjali Kapoor,Female,50,Mumbai,MH,2021-03-05
6,Anjali Reddy,Female,29,Kolkata,WB,2022-05-12
7,Divya Kapoor,Female,19,Delhi,DL,2022-11-15
8,Rina Agarwal,Female,50,Mumbai,MH,2022-03-30
9,Vikas Verma,Male,57,Hyderabad,TS,2022-01-22
10,Neha Reddy,Female,24,Kolkata,WB,2023-11-16
11,Pankaj Singh,Male,21,Mumbai,MH,2024-01-24
12,Preeti Singh,Female,56,Chennai,TN,2023-02-24
13,Vikas Malhotra,Male,48,Delhi,DL,2024-04-14
14,Pooja Das,Female,22,Bangalore,KA,2023-03-23
15,Nikhil Agarwal,Male,45,Hyderabad,TS,2021-01-25
16,Vikas Verma,Male,58,Delhi,DL,2022-12-24
17,Varun Goyal,Male,48,Hyderabad,TS,2021-11-29
18,Ajay Mishra,Male,44,Kolkata,WB,2022-05-04
19,Komal Malhotra,Female,59,Ahmedabad,GJ,2022-10-26
20,Ankit Reddy,Male,44,Hyderabad,TS,2024-02-15
21,Vikas Malhotra,Male,45,Delhi,DL,2022-10-29
22,Ajay Mishra,Male,43,Ahmedabad,GJ,2023-10-04
23,Sonal Gupta,Female,20,Chennai,TN,2022-07-07
24,Kriti Kapoor,Female,39,Delhi,DL,2022-08-07
25,Ajay Singh,Male,38,Bangalore,KA,2022-03-19
26,Sanjay Verma,Male,28,Ahmedabad,GJ,2022-08-29
27,Divya Das,Female,51,Delhi,DL,2021-04-27
28,Nisha Bansal,Female,55,Pune,MH,2021-02-14
29,Vikas Mishra,Male,36,Ahmedabad,GJ,2021-11-21
30,Rohit Khan,Male,35,Delhi,DL,2024-02-03
31,Anjali Verma,Female,35,Ahmedabad,GJ,2021-05-17
32,Vikas Mishra,Male,52,Chennai,TN,2022-12-14
33,Prakash Bansal,Male,26,Chennai,TN,2023-06-21
34,Isha Bansal,Female,31,Mumbai,MH,2021-05-08
35,Sonal Agarwal,Female,23,Bangalore,KA,2023-11-25
36,Rahul Iyer,Male,40,Ahmedabad,GJ,2023-03-06
37,Karan Reddy,Male,58,Chennai,TN,2023-06-20
38,Rashmi Pandey,Female,36,Kolkata,WB,2022-12-27
39,Ritu Mishra,Female,19,Delhi,DL,2021-08-12
40,Pankaj Khan,Male,50,Kolkata,WB,2023-12-03
41,Preeti Goyal,Female,25,Bangalore,KA,2022-04-07
42,Preeti Bansal,Female,22,Chennai,TN,2021-11-13
43,Manish Singh,Male,47,Kolkata,WB,2023-05-04
44,Ankit Singh,Male,30,Delhi,DL,2022-11-22
45,Manish Sharma,Male,54,Hyderabad,TS,2022-12-23
46,Rina Patel,Female,18,Ahmedabad,GJ,2021-10-15
47,Sunil Sharma,Male,55,Chennai,TN,2022-02-19
48,Sanjay Goyal,Male,20,Bangalore,KA,2022-07-21
49,Saurabh Das,Male,39,Pune,MH,2023-11-27
50,Karan Jain,Male,40,Pune,MH,2021-07-14
51,Isha Goyal,Female,27,Mumbai,MH,2023-09-01
52,Rashmi Joshi,Female,48,Kolkata,WB,2022-07-05
53,Pooja Pandey,Female,40,Kolkata,WB,2021-09-18
54,Neha Iyer,Female,41,Kolkata,WB,2023-04-26
55,Deepak Mishra,Male,28,Delhi,DL,2021-07-31
56,Pooja Chopra,Female,26,Bangalore,KA,2021-01-09
57,Arjun Sharma,Male,29,Mumbai,MH,2023-04-21
58,Divya Agarwal,Female,57,Bangalore,KA,2024-02-01
59,Saurabh Sharma,Male,21,Pune,MH,2024-04-14
60,Deepak Chatterjee,Male,25,Delhi,DL,2021-08-29
61,Karan Khan,Male,34,Kolkata,WB,2023-10-17
62,Sonal Bansal,Female,24,Pune,MH,2023-03-26
63,Pooja Agarwal,Female,25,Ahmedabad,GJ,2024-03-17
64,Abhishek Pandey,Male,31,Ahmedabad,GJ,2021-11-03
65,Sunil Gupta,Male,34,Ahmedabad,GJ,2023-05-06
66,Arjun Chopra,Male,20,Bangalore,KA,2022-07-27
67,Meera Patel,Female,57,Chennai,TN,2021-08-16
68,Sneha Jain,Female,22,Mumbai,MH,2023-02-17
69,Karan Goyal,Male,20,Pune,MH,2023-07-16
70,Kriti Malhotra,Female,47,Mumbai,MH,2023-07-27
71,Shreya Jain,Female,55,Delhi,DL,2022-08-13
72,Ankit Bansal,Male,31,Pune,MH,2022-12-24
73,Divya Goyal,Female,42,Hyderabad,TS,2022-08-23
74,Aarti Chatterjee,Female,18,Pune,MH,2022-12-24
75,Aarti Joshi,Female,39,Hyderabad,TS,2023-03-12
76,Deepak Jain,Male,53,Hyderabad,TS,2023-12-14
77,Komal Sharma,Female,44,Ahmedabad,GJ,2024-02-12
78,Ravi Pandey,Male,47,Mumbai,MH,2023-02-27
79,Sneha Chatterjee,Female,33,Chennai,TN,2022-10-22
80,Abhishek Bansal,Male,22,Pune,MH,2021-01-14
81,Anjali Reddy,Female,39,Pune,MH,2023-10-21
82,Aarti Pandey,Female,45,Delhi,DL,2023-02-19
83,Nisha Iyer,Female,28,Hyderabad,TS,2023-06-29
84,Sonal Chatterjee,Female,45,Ahmedabad,GJ,2022-09-07
85,Meera Bansal,Female,18,Mumbai,MH,2022-01-13
86,Pooja Joshi,Female,39,Delhi,DL,2024-01-05
87,Meera Patel,Female,43,Hyderabad,TS,2022-09-15
88,Nisha Gupta,Female,21,Kolkata,WB,2021-10-24
89,Abhishek Joshi,Male,23,Kolkata,WB,2023-06-12
90,Ritu Patel,Female,18,Delhi,DL,2024-03-24
91,Priya Singh,Female,35,Bangalore,KA,2023-02-12
92,Kavita Chatterjee,Female,28,Ahmedabad,GJ,2024-04-06
93,Nikhil Singh,Male,57,Ahmedabad,GJ,2022-04-21
94,Priya Sharma,Female,41,Bangalore,KA,2021-06-30
95,Kriti Singh,Female,57,Delhi,DL,2022-11-08
96,Sneha Iyer,Female,20,Kolkata,WB,2022-10-26
97,Shreya Iyer,Female,37,Mumbai,MH,2022-05-12
98,Kriti Reddy,Female,40,Chennai,TN,2022-10-30
99,Shreya Goyal,Female,30,Pune,MH,2022-02-23
100,Kavita Verma,Female,42,Kolkata,WB,2023-05-24
101,Abhishek Das,Male,20,Pune,MH,2021-01-22
102,Kriti Singh,Female,25,Kolkata,WB,2021-02-22
103,Sachin Jain,Male,46,Bangalore,KA,2021-04-08
104,Abhishek Patel,Male,55,Mumbai,MH,2022-06-10
105,Kavita Patel,Female,25,Mumbai,MH,2024-03-02
106,Meera Chatterjee,Female,59,Bangalore,KA,2023-10-16
107,Divya Verma,Female,53,Delhi,DL,2022-09-07
108,Kriti Jain,Female,50,Pune,MH,2024-01-04
109,Arjun Goyal,Male,43,Ahmedabad,GJ,2022-10-02
110,Aarti Iyer,Female,59,Mumbai,MH,2024-01-08
111,Rahul Agarwal,Male,38,Chennai,TN,2023-06-15
112,Pankaj Sharma,Male,23,Ahmedabad,GJ,2023-11-26
113,Isha Chopra,Female,53,Delhi,DL,2023-11-26
114,Shreya Mishra,Female,33,Hyderabad,TS,2023-05-31
115,Kriti Reddy,Female,58,Ahmedabad,GJ,2023-03-09
116,Divya Iyer,Female,22,Chennai,TN,2023-08-09
117,Karan Kapoor,Male,45,Ahmedabad,GJ,2023-01-03
118,Rashmi Mishra,Female,26,Delhi,DL,2021-03-25
119,Rohit Reddy,Male,19,Pune,MH,2022-12-21
120,Rohit Iyer,Male,38,Kolkata,WB,2023-07-17
121,Arjun Singh,Male,20,Chennai,TN,2021-01-22
122,Karan Khan,Male,31,Pune,MH,2021-05-20
123,Isha Reddy,Female,26,Bangalore,KA,2023-12-12
124,Prakash Pandey,Male,39,Delhi,DL,2022-04-15
125,Aarti Patel,Female,29,Bangalore,KA,2021-07-22
126,Kriti Joshi,Female,18,Kolkata,WB,2023-04-19
127,Preeti Iyer,Female,28,Pune,MH,2023-02-06
128,Ajay Gupta,Male,59,Pune,MH,2023-10-23
129,Amit Chopra,Male,51,Pune,MH,2023-04-02
130,Isha Sharma,Female,45,Ahmedabad,GJ,2024-02-24
131,Ajay Jain,Male,49,Kolkata,WB,2024-03-21
132,Sachin Gupta,Male,29,Chennai,TN,2021-11-12
133,Manish Agarwal,Male,49,Delhi,DL,2022-01-21
134,Ravi Khan,Male,54,Delhi,DL,2023-05-13
135,Ritu Khan,Female,51,Mumbai,MH,2023-09-24
136,Preeti Khan,Female,27,Bangalore,KA,2023-04-03
137,Kavita Goyal,Female,47,Kolkata,WB,2023-06-21
138,Nisha Gupta,Female,32,Ahmedabad,GJ,2022-12-05
139,Rahul Patel,Male,20,Chennai,TN,2023-12-22
140,Anjali Khan,Female,27,Kolkata,WB,2021-07-08
141,Anjali Khan,Female,29,Mumbai,MH,2021-12-16
142,Sonal Reddy,Female,19,Delhi,DL,2023-01-13
143,Ravi Agarwal,Male,52,Delhi,DL,2022-10-14
144,Amit Chopra,Male,35,Ahmedabad,GJ,2023-01-21
145,Shreya Chatterjee,Female,23,Kolkata,WB,2021-06-03
146,Neha Jain,Female,56,Bangalore,KA,2022-09-29
147,Arjun Patel,Male,49,Hyderabad,TS,2023-11-16
148,Rahul Patel,Male,32,Chennai,TN,2021-12-26
149,Sunil Malhotra,Male,35,Hyderabad,TS,2021-08-15
150,Swati Mishra,Female,40,Hyderabad,TS,2022-08-27
151,Ravi Bansal,Male,34,Bangalore,KA,2022-12-05
152,Shreya Verma,Female,23,Mumbai,MH,2023-11-09
153,Amit Jain,Male,57,Mumbai,MH,2023-05-12
154,Kriti Pandey,Female,38,Hyderabad,TS,2021-11-17
155,Isha Agarwal,Female,20,Hyderabad,TS,2023-12-10
156,Meera Goyal,Female,40,Kolkata,WB,2022-08-17
157,Sachin Malhotra,Male,22,Kolkata,WB,2023-11-14
158,Aarti Chopra,Female,51,Hyderabad,TS,2022-03-02
159,Kavita Joshi,Female,57,Hyderabad,TS,2023-11-01
160,Rahul Singh,Male,50,Pune,MH,2022-01-21
161,Rohit Khan,Male,42,Mumbai,MH,2023-04-25
162,Ritu Verma,Female,28,Kolkata,WB,2022-01-09
163,Rashmi Jain,Female,34,Delhi,DL,2021-05-04
164,Sonal Reddy,Female,59,Chennai,TN,2024-03-03
165,Rahul Mishra,Male,50,Chennai,TN,2021-08-07
166,Ankit Khan,Male,37,Bangalore,KA,2022-12-25
167,Amit Khan,Male,36,Ahmedabad,GJ,2024-03-13
168,Ajay Goyal,Male,36,Pune,MH,2021-03-28
169,Manish Verma,Male,18,Pune,MH,2023-04-23
170,Deepak Bansal,Male,30,Chennai,TN,2021-01-22
171,Amit Chopra,Male,39,Bangalore,KA,2021-01-06
172,Rohit Pandey,Male,34,Kolkata,WB,2022-09-21
173,Sachin Iyer,Male,45,Chennai,TN,2024-02-07
174,Sachin Sharma,Male,36,Hyderabad,TS,2021-01-09
175,Shreya Gupta,Female,33,Delhi,DL,2022-09-16
176,Prakash Das,Male,46,Bangalore,KA,2023-03-26
177,Prakash Sharma,Male,37,Mumbai,MH,2021-07-21
178,Sunil Reddy,Male,28,Chennai,TN,2024-04-15
179,Rina Jain,Female,43,Delhi,DL,2021-02-01
180,Sonal Joshi,Female,18,Bangalore,KA,2021-03-02
181,Varun Singh,Male,42,Pune,MH,2022-02-07
182,Saurabh Singh,Male,50,Chennai,TN,2021-12-25
183,Kriti Kapoor,Female,57,Mumbai,MH,2023-10-17
184,Kriti Jain,Female,32,Bangalore,KA,2024-02-08
185,Rina Reddy,Female,55,Mumbai,MH,2024-03-07
186,Priya Verma,Female,57,Delhi,DL,2022-06-29
187,Nikhil Agarwal,Male,32,Bangalore,KA,2023-12-25
188,Abhishek Goyal,Male,45,Kolkata,WB,2023-11-20
189,Priya Goyal,Female,20,Mumbai,MH,2021-10-22
190,Varun Khan,Male,35,Hyderabad,TS,2024-03-22
191,Abhishek Gupta,Male,19,Mumbai,MH,2022-02-11
192,Sachin Gupta,Male,20,Delhi,DL,2023-04-22
193,Shreya Gupta,Female,48,Ahmedabad,GJ,2021-09-06
194,Aarti Iyer,Female,27,Chennai,TN,2021-10-25
195,Isha Pandey,Female,41,Hyderabad,TS,2021-11-18
196,Anjali Pandey,Female,22,Kolkata,WB,2023-11-28
197,Neha Chatterjee,Female,54,Chennai,TN,2023-11-10
198,Rohit Chatterjee,Male,48,Hyderabad,TS,2021-08-07
199,Nisha Khan,Female,34,Bangalore,KA,2021-03-01
200,Saurabh Das,Male,23,Chennai,TN,2021-07-25
201,Priya Pandey,Female,57,Bangalore,KA,2021-06-05
202,Meera Khan,Female,19,Mumbai,MH,2021-12-16
203,Deepak Pandey,Male,44,Delhi,DL,2023-12-07
204,Sachin Malhotra,Male,50,Chennai,TN,2023-10-02
205,Isha Mishra,Female,31,Ahmedabad,GJ,2023-08-16
206,Divya Iyer,Female,29,Delhi,DL,2023-06-01
207,Anjali Pandey,Female,57,Chennai,TN,2021-05-08
208,Sunil Mishra,Male,29,Mumbai,MH,2021-01-26
209,Kriti Mishra,Female,51,Delhi,DL,2024-03-31
210,Prakash Iyer,Male,55,Chennai,TN,2022-10-24
211,Rohit Das,Male,42,Hyderabad,TS,2021-10-22
212,Kavita Jain,Female,44,Delhi,DL,2022-05-03
213,Komal Singh,Female,38,Chennai,TN,2022-12-26
214,Pooja Bansal,Female,50,Chennai,TN,2022-07-19
215,Meera Pandey,Female,56,Hyderabad,TS,2021-12-13
216,Amit Patel,Male,46,Kolkata,WB,2021-03-09
217,Varun Mishra,Male,36,Mumbai,MH,2022-07-01
218,Swati Singh,Female,19,Kolkata,WB,2021-07-23
219,Nikhil Joshi,Male,28,Kolkata,WB,2024-04-07
220,Pooja Chopra,Female,28,Pune,MH,2021-05-10
221,Nisha Chopra,Female,58,Mumbai,MH,2022-12-16
222,Arjun Iyer,Male,20,Kolkata,WB,2022-01-28
223,Swati Khan,Female,49,Mumbai,MH,2023-07-11
224,Rohit Joshi,Male,57,Pune,MH,2023-03-01
225,Rina Gupta,Female,49,Kolkata,WB,2021-02-10
226,Preeti Khan,Female,33,Pune,MH,2021-04-22
227,Shreya Agarwal,Female,24,Mumbai,MH,2022-03-27
228,Sunil Singh,Male,38,Mumbai,MH,2023-03-22
229,Shreya Kapoor,Female,40,Hyderabad,TS,2024-04-08
230,Deepak Bansal,Male,26,Pune,MH,2021-03-31
231,Amit Joshi,Male,35,Kolkata,WB,2023-06-20
232,Anjali Verma,Female,49,Hyderabad,TS,2021-04-22
233,Isha Chatterjee,Female,25,Kolkata,WB,2022-05-04
234,Swati Pandey,Female,27,Bangalore,KA,2022-05-26
235,Pankaj Singh,Male,45,Mumbai,MH,2022-04-02
236,Meera Kapoor,Female,55,Bangalore,KA,2021-04-01
237,Swati Malhotra,Female,49,Pune,MH,2021-11-23
238,Shreya Joshi,Female,26,Chennai,TN,2021-12-22
239,Swati Pandey,Female,56,Hyderabad,TS,2022-10-07
240,Pooja Patel,Female,18,Kolkata,WB,2021-01-13
241,Rohit Iyer,Male,49,Bangalore,KA,2023-07-22
242,Pankaj Reddy,Male,41,Ahmedabad,GJ,2022-09-14
243,Nisha Mishra,Female,50,Ahmedabad,GJ,2023-05-07
244,Karan Goyal,Male,25,Kolkata,WB,2022-06-01
245,Aarti Gupta,Female,18,Hyderabad,TS,2023-10-12
246,Nisha Goyal,Female,48,Bangalore,KA,2021-05-19
247,Ajay Reddy,Male,45,Delhi,DL,2022-05-13
248,Ravi Das,Male,53,Pune,MH,2023-03-10
249,Amit Kapoor,Male,38,Hyderabad,TS,2024-04-12
250,Preeti Jain,Female,18,Kolkata,WB,2022-03-30
251,Prakash Khan,Male,58,Hyderabad,TS,2023-04-27
252,Neha Pandey,Female,20,Pune,MH,2022-09-26
253,Vikas Bansal,Male,24,Chennai,TN,2023-03-28
254,Sachin Jain,Male,52,Bangalore,KA,2023-09-20
255,Anjali Khan,Female,31,Hyderabad,TS,2021-02-15
256,Rashmi Joshi,Female,46,Hyderabad,TS,2022-05-14
257,Preeti Malhotra,Female,22,Ahmedabad,GJ,2021-06-29
258,Kavita Verma,Female,38,Mumbai,MH,2021-12-22
259,Meera Das,Female,35,Kolkata,WB,2021-12-15
260,Priya Gupta,Female,57,Ahmedabad,GJ,2023-01-04
261,Kriti Mishra,Female,40,Kolkata,WB,2023-02-16
262,Manish Agarwal,Male,36,Ahmedabad,GJ,2022-01-18
263,Karan Singh,Male,49,Hyderabad,TS,2021-01-16
264,Abhishek Gupta,Male,41,Delhi,DL,2022-08-19
265,Priya Singh,Female,32,Mumbai,MH,2023-03-23
266,Rina Verma,Female,34,Hyderabad,TS,2024-02-25
267,Karan Khan,Male,35,Chennai,TN,2023-01-14
268,Pooja Agarwal,Female,25,Kolkata,WB,2021-08-24
269,Swati Jain,Female,25,Delhi,DL,2022-11-18
270,Rashmi Khan,Female,53,Hyderabad,TS,2023-12-30
271,Sonal Sharma,Female,18,Hyderabad,TS,2023-03-01
272,Pankaj Malhotra,Male,39,Mumbai,MH,2022-11-19
273,Ravi Chopra,Male,47,Ahmedabad,GJ,2023-04-06
274,Meera Jain,Female,48,Hyderabad,TS,2021-05-15
275,Pankaj Reddy,Male,27,Hyderabad,TS,2021-09-10
276,Sanjay Malhotra,Male,27,Mumbai,MH,2023-05-15
277,Amit Iyer,Male,19,Mumbai,MH,2022-12-21
278,Sanjay Gupta,Male,38,Ahmedabad,GJ,2024-02-09
279,Manish Kapoor,Male,34,Chennai,TN,2022-05-17
280,Aarti Pandey,Female,33,Pune,MH,2023-03-05
281,Ajay Kapoor,Male,44,Mumbai,MH,2022-01-27
282,Prakash Iyer,Male,53,Pune,MH,2023-08-15
283,Swati Jain,Female,20,Mumbai,MH,2022-08-04
284,Sneha Pandey,Female,37,Delhi,DL,2022-12-07
285,Sunil Iyer,Male,23,Hyderabad,TS,2022-05-01
286,Isha Reddy,Female,31,Hyderabad,TS,2023-06-12
287,Sunil Agarwal,Male,20,Chennai,TN,2021-03-13
288,Saurabh Patel,Male,50,Ahmedabad,GJ,2022-07-26
289,Meera Kapoor,Female,58,Hyderabad,TS,2021-02-21
290,Saurabh Singh,Male,56,Mumbai,MH,2022-12-01
291,Rahul Iyer,Male,49,Kolkata,WB,2021-11-16
292,Saurabh Singh,Male,29,Mumbai,MH,2022-05-11
293,Neha Verma,Female,40,Kolkata,WB,2021-09-23
294,Rashmi Mishra,Female,18,Bangalore,KA,2021-07-09
295,Pooja Gupta,Female,39,Pune,MH,2022-02-07
296,Ajay Iyer,Male,19,Bangalore,KA,2022-07-07
297,Sachin Mishra,Male,32,Bangalore,KA,2024-01-21
298,Swati Joshi,Female,36,Mumbai,MH,2021-09-19
299,Ajay Mishra,Male,53,Pune,MH,2024-02-11
300,Arjun Sharma,Male,28,Bangalore,KA,2023-06-27
301,Ravi Gupta,Male,52,Delhi,DL,2023-08-15
302,Sanjay Agarwal,Male,24,Pune,MH,2022-05-07
303,Rashmi Bansal,Female,28,Hyderabad,TS,2021-11-23
304,Sanjay Gupta,Male,44,Chennai,TN,2023-01-24
305,Varun Iyer,Male,32,Mumbai,MH,2022-12-24
306,Pankaj Mishra,Male,25,Pune,MH,2022-03-20
307,Ajay Bansal,Male,47,Hyderabad,TS,2023-04-10
308,Priya Kapoor,Female,48,Ahmedabad,GJ,2023-02-11
309,Rashmi Verma,Female,42,Hyderabad,TS,2024-04-04
310,Neha Mishra,Female,26,Kolkata,WB,2022-03-03
311,Neha Khan,Female,43,Delhi,DL,2022-09-01
312,Rohit Chatterjee,Male,49,Hyderabad,TS,2023-09-02
313,Komal Khan,Female,59,Pune,MH,2023-10-31
314,Sonal Verma,Female,42,Pune,MH,2022-02-23
315,Ajay Khan,Male,32,Chennai,TN,2022-04-11
316,Amit Chatterjee,Male,53,Chennai,TN,2023-07-17
317,Amit Reddy,Male,33,Delhi,DL,2021-09-26
318,Varun Mishra,Male,28,Delhi,DL,2022-06-19
319,Shreya Kapoor,Female,51,Kolkata,WB,2023-06-21
320,Karan Pandey,Male,28,Ahmedabad,GJ,2023-01-24
321,Priya Malhotra,Female,45,Bangalore,KA,2023-12-31
322,Sonal Reddy,Female,47,Bangalore,KA,2022-05-20
323,Nisha Mishra,Female,49,Pune,MH,2023-04-08
324,Sonal Gupta,Female,26,Pune,MH,2023-11-11
325,Prakash Patel,Male,26,Hyderabad,TS,2022-03-12
326,Sanjay Gupta,Male,41,Hyderabad,TS,2021-09-15
327,Varun Goyal,Male,54,Mumbai,MH,2021-09-09
328,Ankit Kapoor,Male,34,Pune,MH,2023-11-17
329,Anjali Khan,Female,23,Delhi,DL,2021-07-07
330,Sneha Agarwal,Female,49,Delhi,DL,2024-01-17
331,Varun Mishra,Male,30,Kolkata,WB,2022-07-08
332,Aarti Singh,Female,37,Bangalore,KA,2023-02-28
333,Abhishek Chatterjee,Male,21,Kolkata,WB,2021-02-28
334,Pankaj Agarwal,Male,30,Hyderabad,TS,2024-03-08
335,Sunil Khan,Male,56,Chennai,TN,2021-10-25
336,Nikhil Khan,Male,30,Chennai,TN,2022-09-29
337,Sneha Mishra,Female,52,Chennai,TN,2021-01-31
338,Ankit Reddy,Male,23,Hyderabad,TS,2023-03-10
339,Karan Malhotra,Male,34,Hyderabad,TS,2021-06-26
340,Nisha Gupta,Female,53,Hyderabad,TS,2021-12-29
341,Shreya Reddy,Female,22,Kolkata,WB,2022-04-20
342,Pooja Mishra,Female,44,Hyderabad,TS,2022-10-20
343,Pooja Sharma,Female,35,Mumbai,MH,2022-01-21
344,Manish Mishra,Male,58,Ahmedabad,GJ,2021-08-12
345,Neha Malhotra,Female,39,Pune,MH,2021-05-20
346,Pooja Verma,Female,22,Hyderabad,TS,2024-02-25
347,Sonal Das,Female,36,Hyderabad,TS,2023-01-11
348,Rohit Bansal,Male,51,Hyderabad,TS,2023-10-22
349,Abhishek Chatterjee,Male,21,Bangalore,KA,2022-09-01
350,Priya Agarwal,Female,32,Chennai,TN,2022-01-30
351,Sneha Verma,Female,21,Pune,MH,2021-05-15
352,Nisha Singh,Female,24,Pune,MH,2022-09-30
353,Deepak Khan,Male,40,Mumbai,MH,2021-06-30
354,Saurabh Iyer,Male,47,Mumbai,MH,2022-04-09
355,Nisha Kapoor,Female,25,Mumbai,MH,2022-08-14
356,Ritu Chatterjee,Female,19,Pune,MH,2021-09-16
357,Anjali Iyer,Female,31,Chennai,TN,2023-03-29
358,Meera Goyal,Female,37,Mumbai,MH,2022-08-02
359,Anjali Kapoor,Female,56,Ahmedabad,GJ,2022-12-30
360,Prakash Goyal,Male,22,Delhi,DL,2023-04-07
361,Pankaj Gupta,Male,34,Bangalore,KA,2023-08-10
362,Prakash Khan,Male,54,Bangalore,KA,2021-09-28
363,Swati Malhotra,Female,29,Kolkata,WB,2022-07-21
364,Rahul Malhotra,Male,37,Kolkata,WB,2021-12-28
365,Sanjay Kapoor,Male,26,Pune,MH,2021-03-02
366,Komal Iyer,Female,52,Mumbai,MH,2023-01-21
367,Prakash Iyer,Male,33,Kolkata,WB,2022-12-21
368,Sanjay Patel,Male,58,Mumbai,MH,2023-04-25
369,Arjun Gupta,Male,44,Kolkata,WB,2021-02-21
370,Vikas Bansal,Male,21,Kolkata,WB,2023-08-06
371,Ritu Singh,Female,43,Ahmedabad,GJ,2022-05-24
372,Neha Goyal,Female,46,Mumbai,MH,2023-04-01
373,Prakash Gupta,Male,20,Bangalore,KA,2022-12-23
374,Sachin Patel,Male,51,Pune,MH,2021-07-20
375,Nikhil Malhotra,Male,59,Bangalore,KA,2022-01-08
376,Kriti Patel,Female,48,Bangalore,KA,2022-08-20
377,Pooja Joshi,Female,40,Delhi,DL,2021-08-24
378,Deepak Malhotra,Male,43,Ahmedabad,GJ,2022-07-09
379,Rahul Pandey,Male,59,Bangalore,KA,2022-03-25
380,Neha Chatterjee,Female,40,Pune,MH,2021-03-24
381,Rohit Chatterjee,Male,25,Kolkata,WB,2023-04-09
382,Manish Chatterjee,Male,42,Bangalore,KA,2021-03-23
383,Saurabh Iyer,Male,49,Kolkata,WB,2021-11-28
384,Ankit Das,Male,28,Ahmedabad,GJ,2023-06-02
385,Neha Joshi,Female,33,Hyderabad,TS,2022-02-10
386,Prakash Bansal,Male,49,Bangalore,KA,2022-09-13
387,Kavita Reddy,Female,43,Delhi,DL,2021-11-16
388,Neha Goyal,Female,40,Hyderabad,TS,2023-02-19
389,Ajay Agarwal,Male,54,Mumbai,MH,2021-03-22
390,Saurabh Mishra,Male,40,Kolkata,WB,2024-02-06
391,Preeti Malhotra,Female,49,Chennai,TN,2022-09-29
392,Sanjay Joshi,Male,48,Hyderabad,TS,2022-01-03
393,Isha Jain,Female,22,Pune,MH,2024-03-02
394,Ankit Sharma,Male,23,Ahmedabad,GJ,2022-04-12
395,Saurabh Pandey,Male,46,Mumbai,MH,2024-03-13
396,Aarti Mishra,Female,54,Ahmedabad,GJ,2023-10-17
397,Ritu Pandey,Female,33,Ahmedabad,GJ,2023-12-03
398,Pooja Gupta,Female,34,Kolkata,WB,2022-06-06
399,Komal Kapoor,Female,39,Bangalore,KA,2023-06-10
400,Anjali Mishra,Female,20,Pune,MH,2024-03-24
401,Rahul Singh,Male,39,Mumbai,MH,2022-12-16
402,Nisha Jain,Female,47,Delhi,DL,2021-01-02
403,Neha Jain,Female,22,Delhi,DL,2021-08-18
404,Karan Sharma,Male,39,Kolkata,WB,2022-08-10
405,Saurabh Agarwal,Male,25,Delhi,DL,2021-03-29
406,Karan Pandey,Male,38,Hyderabad,TS,2024-04-13
407,Ankit Reddy,Male,38,Chennai,TN,2021-04-07
408,Nikhil Chatterjee,Male,38,Delhi,DL,2022-05-16
409,Ankit Chopra,Male,32,Chennai,TN,2021-08-16
410,Abhishek Singh,Male,20,Chennai,TN,2021-03-18
411,Kriti Pandey,Female,26,Chennai,TN,2022-10-15
412,Vikas Khan,Male,25,Hyderabad,TS,2022-03-07
413,Ajay Bansal,Male,40,Hyderabad,TS,2022-12-09
414,Deepak Patel,Male,56,Mumbai,MH,2021-06-26
415,Ankit Khan,Male,31,Kolkata,WB,2023-05-05
416,Rashmi Patel,Female,31,Pune,MH,2023-03-18
417,Pooja Jain,Female,42,Chennai,TN,2022-03-29
418,Komal Mishra,Female,32,Mumbai,MH,2022-07-30
419,Shreya Goyal,Female,34,Delhi,DL,2023-12-16
420,Nikhil Khan,Male,24,Kolkata,WB,2021-07-04
421,Nikhil Das,Male,46,Kolkata,WB,2022-12-16
422,Nikhil Chopra,Male,56,Bangalore,KA,2023-05-19
423,Isha Reddy,Female,22,Delhi,DL,2023-06-26
424,Saurabh Verma,Male,57,Bangalore,KA,2022-11-28
425,Kriti Khan,Female,21,Chennai,TN,2023-10-28
426,Rina Chopra,Female,37,Chennai,TN,2023-07-17
427,Rahul Reddy,Male,29,Mumbai,MH,2023-11-08
428,Swati Chatterjee,Female,48,Bangalore,KA,2021-04-22
429,Preeti Jain,Female,54,Kolkata,WB,2022-02-26
430,Rahul Singh,Male,34,Pune,MH,2023-05-28
431,Manish Chatterjee,Male,20,Ahmedabad,GJ,2023-11-15
432,Amit Verma,Male,28,Mumbai,MH,2021-09-19
433,Vikas Bansal,Male,26,Mumbai,MH,2023-09-30
434,Pooja Jain,Female,58,Chennai,TN,2022-01-23
435,Pankaj Reddy,Male,20,Pune,MH,2021-03-31
436,Rina Malhotra,Female,49,Kolkata,WB,2024-02-20
437,Deepak Bansal,Male,23,Bangalore,KA,2022-06-19
438,Ritu Singh,Female,24,Ahmedabad,GJ,2021-12-24
439,Aarti Singh,Female,26,Mumbai,MH,2024-01-25
440,Pooja Gupta,Female,50,Ahmedabad,GJ,2021-12-02
441,Ravi Joshi,Male,57,Bangalore,KA,2022-04-29
442,Amit Verma,Male,37,Chennai,TN,2024-01-19
443,Sonal Das,Female,57,Pune,MH,2022-06-18
444,Sonal Jain,Female,42,Ahmedabad,GJ,2022-05-27
445,Manish Patel,Male,55,Ahmedabad,GJ,2021-05-02
446,Rahul Verma,Male,39,Mumbai,MH,2021-12-11
447,Prakash Patel,Male,51,Mumbai,MH,2023-01-03
448,Ankit Verma,Male,47,Hyderabad,TS,2022-12-13
449,Priya Chatterjee,Female,28,Delhi,DL,2023-04-24
450,Kavita Kapoor,Female,37,Hyderabad,TS,2021-07-09
451,Sachin Chatterjee,Male,43,Hyderabad,TS,2022-02-17
452,Sonal Patel,Female,39,Kolkata,WB,2022-09-29
453,Anjali Malhotra,Female,45,Chennai,TN,2021-10-08
454,Meera Goyal,Female,38,Mumbai,MH,2021-10-07
455,Prakash Kapoor,Male,41,Mumbai,MH,2023-09-24
456,Rohit Mishra,Male,21,Ahmedabad,GJ,2023-09-16
457,Aarti Agarwal,Female,44,Bangalore,KA,2022-05-03
458,Aarti Verma,Female,59,Chennai,TN,2022-05-11
459,Nisha Khan,Female,40,Delhi,DL,2021-01-13
460,Shreya Goyal,Female,56,Mumbai,MH,2023-11-22
461,Kriti Khan,Female,47,Kolkata,WB,2023-07-01
462,Sneha Gupta,Female,44,Chennai,TN,2021-09-30
463,Ritu Khan,Female,48,Mumbai,MH,2022-12-21
464,Deepak Patel,Male,39,Hyderabad,TS,2022-09-06
465,Sneha Joshi,Female,27,Pune,MH,2021-10-01
466,Sonal Reddy,Female,45,Pune,MH,2021-10-18
467,Pankaj Pandey,Male,20,Kolkata,WB,2024-02-28
468,Kriti Sharma,Female,57,Ahmedabad,GJ,2022-05-09
469,Sanjay Reddy,Male,41,Mumbai,MH,2022-11-15
470,Sneha Joshi,Female,29,Chennai,TN,2021-08-30
471,Vikas Patel,Male,53,Delhi,DL,2024-01-28
472,Neha Sharma,Female,36,Bangalore,KA,2023-05-20
473,Pooja Chatterjee,Female,49,Delhi,DL,2021-12-13
474,Nikhil Singh,Male,50,Bangalore,KA,2021-11-14
475,Amit Verma,Male,33,Mumbai,MH,2023-08-03
476,Neha Gupta,Female,54,Bangalore,KA,2023-04-12
477,Rohit Das,Male,48,Mumbai,MH,2022-02-27
478,Deepak Goyal,Male,33,Pune,MH,2021-08-23
479,Rashmi Agarwal,Female,33,Delhi,DL,2022-08-16
480,Sneha Iyer,Female,29,Hyderabad,TS,2021-01-26
481,Neha Verma,Female,27,Delhi,DL,2023-01-09
482,Sunil Pandey,Male,53,Delhi,DL,2023-09-24
483,Kavita Agarwal,Female,34,Delhi,DL,2022-02-27
484,Sunil Chopra,Male,50,Hyderabad,TS,2021-03-30
485,Sanjay Khan,Male,30,Pune,MH,2021-05-04
486,Komal Khan,Female,32,Mumbai,MH,2022-07-30
487,Rahul Bansal,Male,29,Chennai,TN,2022-09-15
488,Saurabh Jain,Male,47,Pune,MH,2022-02-08
489,Swati Chatterjee,Female,53,Ahmedabad,GJ,2021-08-15
490,Sanjay Sharma,Male,36,Mumbai,MH,2022-09-25
491,Kriti Agarwal,Female,34,Kolkata,WB,2023-07-07
492,Varun Verma,Male,39,Pune,MH,2021-08-20
493,Rohit Das,Male,43,Hyderabad,TS,2021-11-27
494,Ankit Kapoor,Male,52,Chennai,TN,2022-10-27
495,Kriti Iyer,Female,28,Mumbai,MH,2023-07-01
496,Neha Sharma,Female,45,Chennai,TN,2023-08-18
497,Meera Agarwal,Female,35,Pune,MH,2024-03-11
498,Ritu Pandey,Female,25,Ahmedabad,GJ,2023-01-14
499,Kriti Khan,Female,40,Pune,MH,2022-08-16
500,Sunil Iyer,Male,56,Bangalore,KA,2021-12-11
501,Varun Patel,Male,45,Hyderabad,TS,2024-02-16
502,Anjali Pandey,Female,21,Delhi,DL,2021-05-28
503,Nisha Bansal,Female,31,Delhi,DL,2021-04-04
504,Rashmi Joshi,Female,27,Delhi,DL,2021-01-23
505,Preeti Sharma,Female,43,Delhi,DL,2023-08-18
506,Deepak Malhotra,Male,32,Pune,MH,2023-09-22
507,Sanjay Goyal,Male,31,Chennai,TN,2021-06-21
508,Prakash Reddy,Male,59,Bangalore,KA,2022-11-11
509,Kavita Goyal,Female,26,Ahmedabad,GJ,2024-02-29
510,Nikhil Das,Male,58,Mumbai,MH,2022-06-26
511,Sachin Singh,Male,56,Pune,MH,2021-08-11
512,Pankaj Chopra,Male,38,Ahmedabad,GJ,2023-09-29
513,Abhishek Mishra,Male,48,Bangalore,KA,2023-06-09
514,Rina Reddy,Female,57,Chennai,TN,2023-09-28
515,Nisha Mishra,Female,38,Bangalore,KA,2022-01-24
516,Sachin Iyer,Male,58,Hyderabad,TS,2024-01-18
517,Sunil Chatterjee,Male,34,Chennai,TN,2022-10-22
518,Karan Reddy,Male,50,Bangalore,KA,2021-01-18
519,Saurabh Jain,Male,43,Pune,MH,2023-01-06
520,Ankit Reddy,Male,21,Pune,MH,2021-07-06
521,Sneha Khan,Female,39,Pune,MH,2022-08-09
522,Ankit Agarwal,Male,23,Delhi,DL,2022-05-30
523,Prakash Singh,Male,51,Hyderabad,TS,2022-05-19
524,Sunil Malhotra,Male,26,Bangalore,KA,2021-06-10
525,Shreya Iyer,Female,47,Kolkata,WB,2021-10-11
526,Pooja Khan,Female,31,Delhi,DL,2021-02-26
527,Prakash Mishra,Male,57,Hyderabad,TS,2021-02-21
528,Priya Joshi,Female,56,Mumbai,MH,2023-03-21
529,Aarti Jain,Female,47,Kolkata,WB,2021-10-25
530,Abhishek Sharma,Male,51,Chennai,TN,2022-08-30
531,Shreya Chatterjee,Female,30,Bangalore,KA,2023-01-24
532,Amit Reddy,Male,58,Kolkata,WB,2022-01-16
533,Rina Das,Female,29,Kolkata,WB,2023-12-13
534,Aarti Das,Female,19,Kolkata,WB,2021-12-12
535,Ritu Agarwal,Female,39,Hyderabad,TS,2021-07-29
536,Sanjay Chopra,Male,45,Ahmedabad,GJ,2022-09-28
537,Arjun Kapoor,Male,59,Chennai,TN,2022-11-01
538,Prakash Patel,Male,46,Hyderabad,TS,2023-02-16
539,Sanjay Pandey,Male,51,Chennai,TN,2022-01-13
540,Amit Chatterjee,Male,19,Ahmedabad,GJ,2022-12-31
541,Sachin Patel,Male,30,Kolkata,WB,2022-10-18
542,Priya Joshi,Female,43,Pune,MH,2022-04-17
543,Pooja Verma,Female,24,Ahmedabad,GJ,2023-01-25
544,Divya Iyer,Female,53,Chennai,TN,2021-10-07
545,Sneha Jain,Female,28,Bangalore,KA,2024-02-03
546,Pooja Das,Female,43,Pune,MH,2023-01-27
547,Pankaj Iyer,Male,37,Ahmedabad,GJ,2022-06-04
548,Sachin Sharma,Male,40,Ahmedabad,GJ,2022-05-06
549,Sachin Chopra,Male,35,Pune,MH,2021-04-29
550,Abhishek Iyer,Male,56,Kolkata,WB,2021-03-26
551,Prakash Jain,Male,47,Bangalore,KA,2021-08-08
552,Sonal Bansal,Female,50,Delhi,DL,2024-03-06
553,Ravi Khan,Male,24,Mumbai,MH,2023-04-06
554,Prakash Verma,Male,34,Kolkata,WB,2021-04-14
555,Anjali Kapoor,Female,31,Mumbai,MH,2022-03-20
556,Komal Das,Female,32,Kolkata,WB,2023-10-10
557,Arjun Reddy,Male,19,Chennai,TN,2023-05-17
558,Rashmi Jain,Female,48,Chennai,TN,2023-10-21
559,Rashmi Mishra,Female,35,Hyderabad,TS,2021-11-19
560,Ankit Singh,Male,52,Hyderabad,TS,2022-09-06
561,Sneha Pandey,Female,51,Delhi,DL,2024-04-05
562,Karan Bansal,Male,18,Hyderabad,TS,2021-06-14
563,Isha Malhotra,Female,37,Kolkata,WB,2021-10-18
564,Varun Bansal,Male,46,Bangalore,KA,2022-04-11
565,Ravi Joshi,Male,23,Hyderabad,TS,2021-12-02
566,Preeti Patel,Female,38,Chennai,TN,2021-10-11
567,Priya Khan,Female,37,Ahmedabad,GJ,2023-06-27
568,Manish Malhotra,Male,58,Pune,MH,2023-04-03
569,Meera Pandey,Female,19,Pune,MH,2021-07-03
570,Saurabh Gupta,Male,33,Kolkata,WB,2021-03-23
571,Karan Malhotra,Male,33,Pune,MH,2023-06-20
572,Rahul Gupta,Male,35,Kolkata,WB,2023-09-09
573,Kavita Jain,Female,27,Pune,MH,2022-01-26
574,Vikas Sharma,Male,43,Pune,MH,2022-03-24
575,Deepak Gupta,Male,51,Mumbai,MH,2023-02-02
576,Shreya Chatterjee,Female,20,Chennai,TN,2021-01-06
577,Vikas Singh,Male,56,Delhi,DL,2021-03-07
578,Ankit Mishra,Male,18,Hyderabad,TS,2023-11-14
579,Karan Iyer,Male,46,Pune,MH,2023-05-22
580,Pankaj Patel,Male,18,Kolkata,WB,2021-10-21
581,Divya Malhotra,Female,26,Delhi,DL,2022-08-04
582,Varun Iyer,Male,24,Hyderabad,TS,2021-05-28
583,Abhishek Agarwal,Male,46,Delhi,DL,2021-04-24
584,Ravi Kapoor,Male,46,Delhi,DL,2023-11-20
585,Kavita Pandey,Female,50,Hyderabad,TS,2023-05-13
586,Pankaj Verma,Male,35,Ahmedabad,GJ,2022-11-25
587,Abhishek Singh,Male,39,Ahmedabad,GJ,2021-05-09
588,Manish Pandey,Male,51,Ahmedabad,GJ,2023-06-18
589,Divya Chatterjee,Female,25,Bangalore,KA,2021-01-19
590,Ritu Chopra,Female,22,Mumbai,MH,2021-12-28
591,Vikas Pandey,Male,23,Ahmedabad,GJ,2021-12-03
592,Abhishek Bansal,Male,55,Chennai,TN,2023-02-15
593,Preeti Gupta,Female,48,Kolkata,WB,2022-08-29
594,Komal Sharma,Female,47,Bangalore,KA,2021-01-09
595,Sonal Verma,Female,51,Mumbai,MH,2023-06-27
596,Arjun Jain,Male,23,Pune,MH,2024-02-28
597,Meera Singh,Female,42,Ahmedabad,GJ,2022-12-14
598,Deepak Kapoor,Male,18,Mumbai,MH,2024-03-08
599,Ajay Agarwal,Male,57,Bangalore,KA,2022-02-05
600,Ajay Pandey,Male,34,Pune,MH,2023-08-19
601,Sunil Kapoor,Male,34,Hyderabad,TS,2021-06-24
602,Sanjay Khan,Male,30,Pune,MH,2024-01-17
603,Sunil Malhotra,Male,40,Mumbai,MH,2022-10-25
604,Varun Joshi,Male,21,Pune,MH,2023-11-25
605,Sachin Khan,Male,38,Pune,MH,2023-08-02
606,Sneha Pandey,Female,22,Pune,MH,2023-05-28
607,Ajay Iyer,Male,24,Delhi,DL,2024-01-01
608,Swati Singh,Female,55,Pune,MH,2021-11-13
609,Rahul Joshi,Male,32,Delhi,DL,2023-04-02
610,Pankaj Das,Male,24,Kolkata,WB,2021-06-16
611,Prakash Malhotra,Male,25,Mumbai,MH,2021-05-03
612,Amit Verma,Male,24,Delhi,DL,2022-11-10
613,Meera Chatterjee,Female,55,Hyderabad,TS,2022-09-01
614,Kriti Goyal,Female,51,Mumbai,MH,2024-03-03
615,Saurabh Singh,Male,29,Kolkata,WB,2024-03-15
616,Deepak Verma,Male,42,Delhi,DL,2023-05-13
617,Ritu Agarwal,Female,33,Ahmedabad,GJ,2023-01-25
618,Neha Kapoor,Female,33,Bangalore,KA,2023-09-12
619,Priya Bansal,Female,33,Delhi,DL,2021-10-08
620,Sunil Goyal,Male,19,Bangalore,KA,2022-09-05
621,Swati Patel,Female,25,Chennai,TN,2022-12-05
622,Rahul Chopra,Male,51,Kolkata,WB,2023-12-23
623,Sanjay Das,Male,47,Mumbai,MH,2021-02-27
624,Varun Das,Male,44,Mumbai,MH,2022-01-22
625,Pooja Kapoor,Female,45,Mumbai,MH,2022-04-01
626,Abhishek Gupta,Male,32,Kolkata,WB,2023-07-06
627,Rashmi Chatterjee,Female,21,Mumbai,MH,2021-06-24
628,Meera Kapoor,Female,45,Bangalore,KA,2021-10-28
629,Rohit Pandey,Male,34,Delhi,DL,2024-03-31
630,Kavita Sharma,Female,58,Hyderabad,TS,2023-02-01
631,Priya Sharma,Female,30,Kolkata,WB,2024-02-11
632,Rohit Iyer,Male,34,Delhi,DL,2024-04-04
633,Karan Pandey,Male,25,Delhi,DL,2023-05-03
634,Ravi Das,Male,55,Mumbai,MH,2023-01-08
635,Abhishek Patel,Male,25,Hyderabad,TS,2023-12-22
636,Komal Singh,Female,31,Mumbai,MH,2022-05-08
637,Swati Goyal,Female,29,Delhi,DL,2024-03-02
638,Isha Khan,Female,36,Ahmedabad,GJ,2023-06-23
639,Rahul Sharma,Male,27,Mumbai,MH,2023-03-23
640,Amit Chatterjee,Male,27,Mumbai,MH,2022-06-19
641,Prakash Malhotra,Male,20,Delhi,DL,2021-08-22
642,Saurabh Patel,Male,51,Chennai,TN,2022-04-11
643,Saurabh Verma,Male,22,Ahmedabad,GJ,2022-01-05
644,Nikhil Das,Male,20,Pune,MH,2022-02-20
645,Meera Patel,Female,48,Ahmedabad,GJ,2024-01-28
646,Arjun Bansal,Male,42,Bangalore,KA,2021-08-18
647,Preeti Pandey,Female,23,Bangalore,KA,2022-03-30
648,Abhishek Khan,Male,20,Kolkata,WB,2022-06-04
649,Sunil Khan,Male,26,Pune,MH,2021-07-14
650,Sonal Chatterjee,Female,20,Mumbai,MH,2022-01-20
651,Saurabh Sharma,Male,42,Pune,MH,2023-12-24
652,Saurabh Malhotra,Male,42,Bangalore,KA,2022-05-31
653,Manish Joshi,Male,56,Kolkata,WB,2023-09-30
654,Rashmi Chatterjee,Female,28,Kolkata,WB,2022-04-10
655,Abhishek Malhotra,Male,43,Hyderabad,TS,2024-02-09
656,Nisha Khan,Female,25,Mumbai,MH,2023-07-28
657,Sanjay Patel,Male,41,Chennai,TN,2022-04-09
658,Sunil Singh,Male,37,Mumbai,MH,2024-01-14
659,Ravi Goyal,Male,20,Bangalore,KA,2024-03-18
660,Nikhil Goyal,Male,27,Ahmedabad,GJ,2021-08-20
661,Divya Goyal,Female,55,Delhi,DL,2023-11-18
662,Prakash Iyer,Male,39,Ahmedabad,GJ,2024-03-06
663,Sunil Chatterjee,Male,26,Hyderabad,TS,2021-06-14
664,Prakash Mishra,Male,49,Mumbai,MH,2023-04-16
665,Shreya Das,Female,45,Hyderabad,TS,2021-05-31
666,Rashmi Mishra,Female,20,Mumbai,MH,2023-06-20
667,Divya Bansal,Female,39,Delhi,DL,2021-10-03
668,Manish Joshi,Male,42,Delhi,DL,2023-10-28
669,Sachin Chopra,Male,21,Chennai,TN,2024-02-02
670,Kriti Das,Female,40,Ahmedabad,GJ,2023-11-05
671,Sneha Iyer,Female,47,Hyderabad,TS,2021-08-23
672,Rohit Patel,Male,59,Hyderabad,TS,2023-11-22
673,Komal Das,Female,53,Chennai,TN,2021-07-29
674,Prakash Jain,Male,43,Pune,MH,2023-08-01
675,Aarti Verma,Female,48,Bangalore,KA,2023-03-14
676,Komal Agarwal,Female,26,Ahmedabad,GJ,2024-01-20
677,Isha Gupta,Female,40,Pune,MH,2021-12-17
678,Ajay Chatterjee,Male,24,Bangalore,KA,2022-01-28
679,Komal Khan,Female,23,Mumbai,MH,2024-02-28
680,Pooja Verma,Female,41,Mumbai,MH,2023-09-01
681,Vikas Pandey,Male,50,Hyderabad,TS,2021-07-10
682,Ravi Khan,Male,49,Hyderabad,TS,2021-10-08
683,Pooja Mishra,Female,22,Kolkata,WB,2023-02-04
684,Ravi Verma,Male,34,Bangalore,KA,2021-04-28
685,Sneha Patel,Female,20,Pune,MH,2023-04-09
686,Rohit Sharma,Male,23,Kolkata,WB,2022-05-01
687,Neha Goyal,Female,40,Mumbai,MH,2021-04-07
688,Isha Pandey,Female,47,Pune,MH,2023-02-02
689,Saurabh Joshi,Male,42,Delhi,DL,2021-03-27
690,Rohit Khan,Male,38,Delhi,DL,2021-02-01
691,Rina Reddy,Female,38,Pune,MH,2022-03-13
692,Sachin Joshi,Male,36,Delhi,DL,2023-07-31
693,Abhishek Patel,Male,19,Bangalore,KA,2022-09-07
694,Aarti Reddy,Female,32,Pune,MH,2021-09-04
695,Rahul Khan,Male,42,Bangalore,KA,2021-10-05
696,Rahul Goyal,Male,23,Pune,MH,2023-05-23
697,Rahul Khan,Male,59,Mumbai,MH,2021-06-29
698,Neha Agarwal,Female,50,Ahmedabad,GJ,2022-02-17
699,Nisha Sharma,Female,22,Bangalore,KA,2024-02-27
700,Swati Das,Female,38,Hyderabad,TS,2021-08-23
701,Arjun Pandey,Male,49,Ahmedabad,GJ,2022-12-28
702,Komal Khan,Female,50,Pune,MH,2021-12-11
703,Arjun Bansal,Male,47,Kolkata,WB,2023-01-22
704,Prakash Patel,Male,28,Ahmedabad,GJ,2022-12-01
705,Manish Singh,Male,45,Ahmedabad,GJ,2021-01-24
706,Isha Iyer,Female,41,Mumbai,MH,2022-06-08
707,Ankit Reddy,Male,28,Mumbai,MH,2021-09-09
708,Saurabh Bansal,Male,35,Delhi,DL,2022-05-06
709,Isha Agarwal,Female,58,Bangalore,KA,2023-02-03
710,Amit Gupta,Male,39,Kolkata,WB,2023-11-17
711,Nisha Chopra,Female,56,Ahmedabad,GJ,2023-12-11
712,Varun Agarwal,Male,26,Hyderabad,TS,2023-01-02
713,Karan Chopra,Male,28,Pune,MH,2023-09-29
714,Rahul Patel,Male,21,Hyderabad,TS,2021-03-31
715,Pankaj Singh,Male,48,Ahmedabad,GJ,2022-12-25
716,Kavita Khan,Female,20,Ahmedabad,GJ,2021-07-24
717,Sanjay Reddy,Male,18,Kolkata,WB,2022-12-30
718,Priya Khan,Female,55,Bangalore,KA,2024-01-30
719,Ajay Patel,Male,56,Chennai,TN,2022-11-02
720,Meera Agarwal,Female,54,Chennai,TN,2021-08-20
721,Abhishek Pandey,Male,39,Pune,MH,2021-03-11
722,Kavita Jain,Female,51,Delhi,DL,2022-05-12
723,Deepak Goyal,Male,41,Mumbai,MH,2022-06-06
724,Sunil Agarwal,Male,23,Ahmedabad,GJ,2022-12-27
725,Sneha Bansal,Female,37,Chennai,TN,2022-01-31
726,Shreya Reddy,Female,58,Kolkata,WB,2023-07-04
727,Arjun Joshi,Male,20,Hyderabad,TS,2021-02-13
728,Sanjay Patel,Male,44,Chennai,TN,2024-04-05
729,Swati Singh,Female,23,Mumbai,MH,2023-06-20
730,Isha Jain,Female,29,Mumbai,MH,2021-08-21
731,Kriti Singh,Female,56,Pune,MH,2021-02-12
732,Priya Jain,Female,51,Ahmedabad,GJ,2023-09-27
733,Ritu Bansal,Female,38,Chennai,TN,2021-08-15
734,Rahul Kapoor,Male,21,Kolkata,WB,2021-06-01
735,Shreya Das,Female,22,Hyderabad,TS,2022-06-14
736,Karan Patel,Male,24,Bangalore,KA,2022-01-15
737,Ritu Iyer,Female,41,Hyderabad,TS,2021-11-04
738,Rohit Chatterjee,Male,33,Delhi,DL,2024-02-10
739,Ravi Patel,Male,47,Ahmedabad,GJ,2022-08-17
740,Karan Chatterjee,Male,54,Hyderabad,TS,2023-02-19
741,Rina Malhotra,Female,25,Hyderabad,TS,2021-10-23
742,Amit Gupta,Male,56,Hyderabad,TS,2022-05-28
743,Neha Jain,Female,24,Kolkata,WB,2024-01-08
744,Nisha Malhotra,Female,29,Pune,MH,2022-07-05
745,Rohit Sharma,Male,23,Ahmedabad,GJ,2023-06-29
746,Varun Singh,Male,42,Kolkata,WB,2021-01-29
747,Aarti Patel,Female,47,Chennai,TN,2021-02-20
748,Rahul Patel,Male,28,Pune,MH,2022-12-03
749,Rina Chatterjee,Female,47,Pune,MH,2021-11-06
750,Komal Jain,Female,54,Mumbai,MH,2023-09-25
751,Kriti Gupta,Female,43,Ahmedabad,GJ,2023-10-25
752,Komal Reddy,Female,28,Delhi,DL,2023-09-19
753,Prakash Das,Male,40,Pune,MH,2021-03-06
754,Sunil Agarwal,Male,34,Mumbai,MH,2021-03-14
755,Abhishek Jain,Male,34,Ahmedabad,GJ,2021-06-02
756,Kriti Goyal,Female,52,Mumbai,MH,2022-01-09
757,Priya Reddy,Female,34,Bangalore,KA,2023-03-15
758,Aarti Chatterjee,Female,30,Delhi,DL,2023-09-02
759,Ritu Agarwal,Female,21,Bangalore,KA,2021-11-21
760,Shreya Goyal,Female,44,Chennai,TN,2023-07-08
761,Amit Agarwal,Male,46,Mumbai,MH,2023-03-17
762,Ravi Sharma,Male,55,Hyderabad,TS,2022-04-15
763,Sachin Reddy,Male,43,Ahmedabad,GJ,2023-11-25
764,Arjun Bansal,Male,53,Ahmedabad,GJ,2021-06-05
765,Ritu Verma,Female,40,Delhi,DL,2023-01-10
766,Arjun Mishra,Male,26,Chennai,TN,2022-11-06
767,Rina Jain,Female,19,Ahmedabad,GJ,2023-12-18
768,Pooja Agarwal,Female,49,Chennai,TN,2022-03-20
769,Prakash Singh,Male,59,Delhi,DL,2022-09-30
770,Aarti Singh,Female,48,Hyderabad,TS,2021-09-26
771,Prakash Patel,Male,46,Ahmedabad,GJ,2021-03-31
772,Rashmi Kapoor,Female,22,Mumbai,MH,2022-03-09
773,Prakash Verma,Male,53,Mumbai,MH,2021-12-14
774,Ajay Joshi,Male,45,Pune,MH,2023-01-10
775,Nisha Kapoor,Female,54,Hyderabad,TS,2023-08-16
776,Prakash Goyal,Male,57,Pune,MH,2022-11-10
777,Ajay Jain,Male,44,Mumbai,MH,2024-03-27
778,Nikhil Reddy,Male,27,Bangalore,KA,2023-08-18
779,Priya Bansal,Female,44,Kolkata,WB,2023-03-06
780,Kriti Patel,Female,47,Delhi,DL,2022-12-26
781,Nisha Kapoor,Female,37,Delhi,DL,2022-10-06
782,Sachin Sharma,Male,22,Hyderabad,TS,2021-01-13
783,Kavita Kapoor,Female,55,Hyderabad,TS,2022-11-19
784,Abhishek Verma,Male,46,Kolkata,WB,2024-04-01
785,Neha Chatterjee,Female,59,Mumbai,MH,2023-09-18
786,Sonal Khan,Female,33,Chennai,TN,2022-11-15
787,Sonal Agarwal,Female,46,Mumbai,MH,2022-04-10
788,Pooja Jain,Female,33,Chennai,TN,2021-02-12
789,Sanjay Reddy,Male,42,Mumbai,MH,2022-05-25
790,Swati Agarwal,Female,47,Mumbai,MH,2023-07-30
791,Nikhil Patel,Male,19,Chennai,TN,2021-04-03
792,Neha Chatterjee,Female,37,Delhi,DL,2021-10-26
793,Rohit Mishra,Male,59,Chennai,TN,2021-10-22
794,Isha Agarwal,Female,50,Bangalore,KA,2022-07-13
795,Swati Kapoor,Female,36,Bangalore,KA,2023-02-27
796,Ravi Reddy,Male,21,Chennai,TN,2022-07-14
797,Divya Malhotra,Female,50,Delhi,DL,2021-05-11
798,Saurabh Das,Male,42,Ahmedabad,GJ,2023-10-22
799,Prakash Iyer,Male,53,Hyderabad,TS,2022-06-21
800,Abhishek Goyal,Male,18,Pune,MH,2023-01-01
